,Khorana Score+chemotherapy,LB+
0,[0.6101663801879078],[0.7356399045441651]
