"","exp(coef)","exp(-coef)","2.5%","97.5%"
"X.ctDNA",1.65593348492981,0.603888990168217,1.29902036469877,2.11091048379957
"KHORANA.SCORE",1.13326246760613,0.882408116905499,1.03313157330363,1.24309802707702
"N.organ.sites",1.12174474510354,0.891468406128075,1.06518281098592,1.18131015651928
"log10.cfDNA.concentration.",1.61473331241406,0.619297312015556,1.35888616769592,1.91875061517523
"chemotherapy",1.70511235488,0.586471617039205,1.4043997164708,2.07021413395797
