,Khorana Score+chemotherapy,LB+
0,[0.6101663801879078],[0.735143434073728]
